{"lastActiveTime": 1753920274.141355, "timestamp": 1753920274.141356}